{"cameraMode":{"drawMode":0,"name":"Shaded","section":"Shading Mode"},"sceneLighting":false,"audioPlay":false,"sceneViewState":{"showFog":true,"showMaterialUpdate":false,"showSkybox":false,"showFlares":true,"showImageEffects":true,"showParticleSystems":true},"in2DMode":false,"pivot":{"x":-1.983352541923523,"y":1.0263298749923707,"z":1.5697301626205445},"rotation":{"x":0.08092553913593292,"y":0.9159609079360962,"z":-0.2361755073070526,"w":0.3143163025379181},"size":0.4221822917461395,"orthographic":false}