{"cameraMode":{"drawMode":0,"name":"Shaded","section":"Shading Mode"},"sceneLighting":false,"audioPlay":false,"sceneViewState":{"showFog":true,"showMaterialUpdate":false,"showSkybox":false,"showFlares":true,"showImageEffects":true,"showParticleSystems":true},"in2DMode":false,"pivot":{"x":0.47732555866241457,"y":1.7454414367675782,"z":0.6608363389968872},"rotation":{"x":0.09787917882204056,"y":-0.7931988835334778,"z":0.13229452073574067,"w":0.5863829851150513},"size":0.8558324575424194,"orthographic":false}