{"cameraMode":{"drawMode":0,"name":"Shaded","section":"Shading Mode"},"sceneLighting":false,"audioPlay":false,"sceneViewState":{"showFog":true,"showMaterialUpdate":false,"showSkybox":false,"showFlares":true,"showImageEffects":true,"showParticleSystems":true},"in2DMode":false,"pivot":{"x":2.8489999771118166,"y":0.0,"z":2.328000068664551},"rotation":{"x":0.2843054533004761,"y":0.24775832891464234,"z":-0.07642475515604019,"w":0.9230635762214661},"size":0.3252798318862915,"orthographic":false}