{"cameraMode":{"drawMode":0,"name":"Shaded","section":"Shading Mode"},"sceneLighting":false,"audioPlay":false,"sceneViewState":{"showFog":true,"showMaterialUpdate":false,"showSkybox":false,"showFlares":true,"showImageEffects":true,"showParticleSystems":true},"in2DMode":false,"pivot":{"x":0.08100000023841858,"y":1.7510000467300416,"z":3.8450000286102297},"rotation":{"x":0.16621364653110505,"y":0.40341129899024966,"z":-0.07486015558242798,"w":0.8967298269271851},"size":0.3840996325016022,"orthographic":false}