{"cameraMode":{"drawMode":0,"name":"Shaded","section":"Shading Mode"},"sceneLighting":false,"audioPlay":false,"sceneViewState":{"showFog":true,"showMaterialUpdate":false,"showSkybox":false,"showFlares":true,"showImageEffects":true,"showParticleSystems":true},"in2DMode":false,"pivot":{"x":0.0,"y":1.815000057220459,"z":3.1760001182556154},"rotation":{"x":0.15461227297782899,"y":0.7873464822769165,"z":-0.21950332820415498,"w":0.5550690293312073},"size":0.5012484192848206,"orthographic":false}