{"cameraMode":{"drawMode":0,"name":"Shaded","section":"Shading Mode"},"sceneLighting":false,"audioPlay":false,"sceneViewState":{"showFog":true,"showMaterialUpdate":false,"showSkybox":false,"showFlares":true,"showImageEffects":true,"showParticleSystems":true},"in2DMode":false,"pivot":{"x":-2.208561658859253,"y":2.7465529441833498,"z":3.943606376647949},"rotation":{"x":0.1734858751296997,"y":0.7719413638114929,"z":-0.23785173892974854,"w":0.5635072588920593},"size":0.10120272636413574,"orthographic":false}